-- H2 测试数据（与 schema-h2.sql 配套）
-- 使用时间戳字面量（H2 兼容），不使用 MySQL 的 NOW()

-- 插入默认超级管理员角色
INSERT INTO sys_role (id, name, code, sort, status, create_time, update_time)
VALUES (751892017468610561, '超级管理员', 'SUPER_ADMIN', 1, 1, CURRENT_TIMESTAMP, CURRENT_TIMESTAMP);

-- 插入默认普通用户角色
INSERT INTO sys_role (id, name, code, sort, status, create_time, update_time)
VALUES (751892017468610562, '普通用户', 'USER', 2, 1, CURRENT_TIMESTAMP, CURRENT_TIMESTAMP);

-- 插入默认管理员用户 (密码: admin123，BCrypt 加密)
INSERT INTO login_user (id, name, username, password, phone, sex, status, create_time, update_time)
VALUES (751892017468610560, '系统管理员', 'admin', '$2a$10$N.zmdr9k7uOCQb376NoUnuTJ8iAt6Z5EHsM8lE9lBOsl7iAt6Z5EH', NULL, NULL, 1, CURRENT_TIMESTAMP, CURRENT_TIMESTAMP);

-- 关联管理员和超级管理员角色
INSERT INTO account_role (id, user_id, role_id, create_time)
VALUES (751892017468610563, 751892017468610560, 751892017468610561, CURRENT_TIMESTAMP);

-- 插入示例字典类型
INSERT INTO sys_dict_type (id, name, code, status, create_time, update_time)
VALUES (751892017468610564, '用户状态', 'user_status', 1, CURRENT_TIMESTAMP, CURRENT_TIMESTAMP);

-- 插入示例字典数据
INSERT INTO sys_dict_data (id, dict_type_id, label, value, sort, status, create_time, update_time)
VALUES (751892017468610565, 751892017468610564, '正常', '1', 1, 1, CURRENT_TIMESTAMP, CURRENT_TIMESTAMP),
       (751892017468610566, 751892017468610564, '禁用', '0', 2, 1, CURRENT_TIMESTAMP, CURRENT_TIMESTAMP);

-- 插入部门数据（树形结构）
INSERT INTO sys_dept (id, parent_id, name, code, sort, leader, phone, email, status, create_time, update_time) VALUES
(751892017468610001, 0, '总公司', 'HQ', 1, '张三', '13800138000', 'hq@company.com', 1, CURRENT_TIMESTAMP, CURRENT_TIMESTAMP),
(751892017468610002, 751892017468610001, '技术研发部', 'TECH', 1, '李四', '13800138001', 'tech@company.com', 1, CURRENT_TIMESTAMP, CURRENT_TIMESTAMP),
(751892017468610003, 751892017468610001, '产品运营部', 'OPS', 2, '王五', '13800138002', 'ops@company.com', 1, CURRENT_TIMESTAMP, CURRENT_TIMESTAMP),
(751892017468610004, 751892017468610001, '市场营销部', 'MKT', 3, '赵六', '13800138003', 'mkt@company.com', 1, CURRENT_TIMESTAMP, CURRENT_TIMESTAMP),
(751892017468610005, 751892017468610002, '前端开发组', 'FE', 1, '前端组长', '13800138004', 'fe@company.com', 1, CURRENT_TIMESTAMP, CURRENT_TIMESTAMP),
(751892017468610006, 751892017468610002, '后端开发组', 'BE', 2, '后端组长', '13800138005', 'be@company.com', 1, CURRENT_TIMESTAMP, CURRENT_TIMESTAMP);

-- 插入菜单数据
INSERT INTO sys_menu (id, parent_id, name, type, path, component, icon, sort, visible, redirect, perm, keep_alive, always_show, create_time, update_time) VALUES
(751892017468610101, 0, '系统管理', 0, '/system', NULL, 'Setting', 1, 1, NULL, NULL, 0, 1, CURRENT_TIMESTAMP, CURRENT_TIMESTAMP),
(751892017468610102, 751892017468610101, '用户管理', 1, 'user', 'system/user/index', 'User', 1, 1, NULL, 'sys:user:list', 0, 0, CURRENT_TIMESTAMP, CURRENT_TIMESTAMP),
(751892017468610103, 751892017468610101, '角色管理', 1, 'role', 'system/role/index', 'Role', 2, 1, NULL, 'sys:role:list', 0, 0, CURRENT_TIMESTAMP, CURRENT_TIMESTAMP),
(751892017468610104, 751892017468610101, '菜单管理', 1, 'menu', 'system/menu/index', 'Menu', 3, 1, NULL, 'sys:menu:list', 0, 0, CURRENT_TIMESTAMP, CURRENT_TIMESTAMP),
(751892017468610105, 751892017468610101, '部门管理', 1, 'dept', 'system/dept/index', 'Office', 4, 1, NULL, 'sys:dept:list', 0, 0, CURRENT_TIMESTAMP, CURRENT_TIMESTAMP),
(751892017468610201, 751892017468610102, '用户新增', 2, NULL, NULL, NULL, 1, 1, NULL, 'sys:user:add', 0, 0, CURRENT_TIMESTAMP, CURRENT_TIMESTAMP),
(751892017468610202, 751892017468610102, '用户编辑', 2, NULL, NULL, NULL, 2, 1, NULL, 'sys:user:edit', 0, 0, CURRENT_TIMESTAMP, CURRENT_TIMESTAMP),
(751892017468610203, 751892017468610102, '用户删除', 2, NULL, NULL, NULL, 3, 1, NULL, 'sys:user:delete', 0, 0, CURRENT_TIMESTAMP, CURRENT_TIMESTAMP),
(751892017468610301, 751892017468610103, '角色新增', 2, NULL, NULL, NULL, 1, 1, NULL, 'sys:role:add', 0, 0, CURRENT_TIMESTAMP, CURRENT_TIMESTAMP),
(751892017468610302, 751892017468610103, '角色编辑', 2, NULL, NULL, NULL, 2, 1, NULL, 'sys:role:edit', 0, 0, CURRENT_TIMESTAMP, CURRENT_TIMESTAMP),
(751892017468610303, 751892017468610103, '角色删除', 2, NULL, NULL, NULL, 3, 1, NULL, 'sys:role:delete', 0, 0, CURRENT_TIMESTAMP, CURRENT_TIMESTAMP);

-- 角色菜单关联
INSERT INTO sys_role_menu (id, role_id, menu_id, create_time) VALUES
(751892017468610701, 751892017468610561, 751892017468610101, CURRENT_TIMESTAMP),
(751892017468610702, 751892017468610561, 751892017468610102, CURRENT_TIMESTAMP),
(751892017468610703, 751892017468610561, 751892017468610103, CURRENT_TIMESTAMP),
(751892017468610704, 751892017468610561, 751892017468610104, CURRENT_TIMESTAMP),
(751892017468610705, 751892017468610561, 751892017468610105, CURRENT_TIMESTAMP),
(751892017468610706, 751892017468610561, 751892017468610201, CURRENT_TIMESTAMP),
(751892017468610707, 751892017468610561, 751892017468610202, CURRENT_TIMESTAMP),
(751892017468610708, 751892017468610561, 751892017468610203, CURRENT_TIMESTAMP),
(751892017468610709, 751892017468610561, 751892017468610301, CURRENT_TIMESTAMP),
(751892017468610710, 751892017468610561, 751892017468610302, CURRENT_TIMESTAMP),
(751892017468610711, 751892017468610561, 751892017468610303, CURRENT_TIMESTAMP);

-- 插入更多字典类型
INSERT INTO sys_dict_type (id, name, code, status, remark, create_time, update_time) VALUES
(751892017468610570, '菜单类型', 'menu_type', 1, '菜单类型', CURRENT_TIMESTAMP, CURRENT_TIMESTAMP),
(751892017468610571, '部门状态', 'dept_status', 1, '部门状态', CURRENT_TIMESTAMP, CURRENT_TIMESTAMP),
(751892017468610572, '公告类型', 'notice_type', 1, '公告类型', CURRENT_TIMESTAMP, CURRENT_TIMESTAMP);

-- 插入字典数据
INSERT INTO sys_dict_data (id, dict_type_id, label, value, sort, status, remark, create_time, update_time) VALUES
(751892017468610580, 751892017468610570, '目录', '0', 1, 1, '目录类型菜单', CURRENT_TIMESTAMP, CURRENT_TIMESTAMP),
(751892017468610581, 751892017468610570, '菜单', '1', 2, 1, '菜单类型页面', CURRENT_TIMESTAMP, CURRENT_TIMESTAMP),
(751892017468610582, 751892017468610570, '按钮', '2', 3, 1, '按钮/权限', CURRENT_TIMESTAMP, CURRENT_TIMESTAMP),
(751892017468610583, 751892017468610571, '正常', '1', 1, 1, '正常状态', CURRENT_TIMESTAMP, CURRENT_TIMESTAMP),
(751892017468610584, 751892017468610571, '禁用', '0', 2, 1, '禁用状态', CURRENT_TIMESTAMP, CURRENT_TIMESTAMP),
(751892017468610585, 751892017468610572, '通知', '1', 1, 1, '通知类型', CURRENT_TIMESTAMP, CURRENT_TIMESTAMP),
(751892017468610586, 751892017468610572, '公告', '2', 2, 1, '公告类型', CURRENT_TIMESTAMP, CURRENT_TIMESTAMP);

-- 插入系统配置
INSERT INTO sys_config (id, name, config_key, value, type, status, remark, create_time, update_time) VALUES
(751892017468610600, '系统名称', 'sys.name', 'JOSP管理系统', 'string', 1, '系统名称', CURRENT_TIMESTAMP, CURRENT_TIMESTAMP),
(751892017468610601, '系统版本', 'sys.version', '1.0.0', 'string', 1, '系统版本', CURRENT_TIMESTAMP, CURRENT_TIMESTAMP),
(751892017468610602, '版权信息', 'sys.copyright', '© 2024 JOSP', 'string', 1, '版权信息', CURRENT_TIMESTAMP, CURRENT_TIMESTAMP);

-- 插入岗位数据
INSERT INTO sys_post (id, name, code, sort, status, remark, create_time, update_time) VALUES
(751892017468610700, 'CEO', 'CEO', 1, 1, '首席执行官', CURRENT_TIMESTAMP, CURRENT_TIMESTAMP),
(751892017468610701, 'CTO', 'CTO', 2, 1, '首席技术官', CURRENT_TIMESTAMP, CURRENT_TIMESTAMP),
(751892017468610702, 'Java开发工程师', 'JAVA_DEV', 3, 1, 'Java开发工程师', CURRENT_TIMESTAMP, CURRENT_TIMESTAMP),
(751892017468610703, '前端开发工程师', 'FE_DEV', 4, 1, '前端开发工程师', CURRENT_TIMESTAMP, CURRENT_TIMESTAMP);
